word,frequency
data,39303
research,14390
development,12321
skills,11891
business,11756
ability,10176
learning,9462
analysis,8784
years,8352
working,7932
management,7886
technical,7838
including,7488
software,7411
required,6988
knowledge,6838
engineering,6773
systems,6622
related,6575
environment,6182
solutions,6043
information,5977
teams,5971
analytics,5743
opportunity,5627
technology,5306
products,5178
status,5088
projects,5075
scientists,5018
project,4955
using,4927
clinical,4890
communication,4839
tools,4792
requirements,4662
computer,4547
not,4540
and/or,4533
across,4472
understanding,4343
models,4234
preferred,4193
statistical,4172
role,4078
services,4069
within,4067
customer,3959
health,3880
technologies,3824
complex,3811
qualifications,3797
problems,3787
engineers,3753
employment,3741
customers,3715
into,3662
scientist,3648
analytical,3630
quality,3610
techniques,3597
building,3553
developing,3510
scientific,3446
advanced,3441
excellent,3436
medical,3389
employer,3320
responsible,3289
disability,3210
responsibilities,3179
national,3152
performance,3127
candidate,3111
results,3103
python,3099
gender,3093
looking,3023
clients,3011
applications,2983
program,2982
expertise,2947
operations,2941
global,2887
highly,2882
insights,2836
maintain,2811
programming,2802
marketing,2779
modeling,2772
relevant,2751
reports,2749
methods,2741
multiple,2721
organization,2701
internal,2697
statistics,2692
programs,2682
perform,2673
algorithms,2631
ensure,2628
needs,2621
processes,2586
quantitative,2584
based,2575
impact,2547
leadership,2531
plus,2519
education,2518
orientation,2508
identify,2499
processing,2494
opportunities,2490
senior,2485
innovative,2471
manage,2461
apply,2456
leading,2442
platform,2432
veteran,2419
sexual,2413
minimum,2412
security,2408
application,2398
staff,2387
demonstrated,2373
applicants,2355
client,2316
testing,2310
service,2304
diverse,2299
employees,2285
improve,2258
successful,2249
training,2248
identity,2229
external,2200
professional,2197
origin,2180
religion,2162
mission,2157
biology,2156
strategic,2140
benefits,2136
understand,2129
deliver,2127
effectively,2115
qualified,2099
communicate,2098
protected,2095
financial,2089
various,2087
activities,2070
laboratory,2039
vision,2024
collaborate,2018
analyze,1990
qualifications:,1980
intelligence,1972
variety,1967
department,1942
closely,1938
strategy,1937
practices,1921
without,1913
r,1887
production,1876
culture,1875
background,1875
candidates,1874
sql,1866
appropriate,1858
drug,1851
areas,1840
its,1839
duties,1836
issues,1836
sales,1830
google,1827
partners,1826
decisions,1797
implement,1789
reporting,1789
digital,1777
members,1777
growth,1765
planning,1746
committed,1737
action,1686
engineer,1680
around,1676
stakeholders,1667
review,1667
seeking,1666
sex,1661
equivalent,1658
providing,1640
studies,1623
individual,1614
independently,1611
focus,1610
innovation,1606
effective,1605
procedures,1600
provides,1596
individuals,1593
public,1590
plans,1586
implementation,1582
sets,1574
assist,1573
phd,1568
user,1561
cancer,1555
challenges,1553
responsibilities:,1553
model,1550
solving,1543
writing,1515
regulatory,1513
discovery,1509
risk,1507
critical,1507
verbal,1501
proven,1494
employee,1490
federal,1487
delivery,1481
future,1480
managers,1476
access,1472
code,1466
collaborative,1462
optimization,1457
analyses,1452
microsoft,1448
regard,1447
goals,1446
amazon,1442
managing,1432
core,1432
others,1430
contribute,1429
strategies,1427
etc,1421
infrastructure,1418
relationships,1410
partner,1406
competitive,1397
applied,1389
documentation,1384
community,1384
safety,1367
manager,1365
functional,1362
web,1362
ideas,1355
making,1354
familiarity,1349
sources,1345
database,1345
collaboration,1342
growing,1338
needed,1325
media,1324
creative,1323
proficiency,1323
creating,1322
requires,1316
passion,1314
social,1314
platforms,1309
predictive,1306
etc.),1304
resources,1302
conduct,1301
mathematics,1300
local,1299
physical,1295
equipment,1287
analyst,1286
healthcare,1284
policy,1279
genetic,1277
experiments,1276
existing,1274
languages,1274
following,1274
tasks,1272
participate,1271
java,1268
documents,1267
marital,1265
content,1263
standards,1252
efforts,1252
used,1251
companies,1251
fast-paced,1248
novel,1245
specific,1244
execution,1232
university,1232
manufacturing,1230
expert,1230
description,1223
applicable,1223
primary,1220
network,1215
approaches,1208
san,1201
users,1201
career,1199
capabilities,1194
leader,1189
essential,1183
functions,1180
organizational,1180
architecture,1180
molecular,1179
concepts,1177
lab,1174
decision,1172
recommendations,1171
designing,1166
execute,1163
focused,1161
achieve,1161
medicine,1159
basis,1159
ai,1158
additional,1143
databases,1136
passionate,1135
delivering,1133
available,1132
unique,1130
sciences,1128
computational,1123
visualization,1120
meetings,1120
operational,1113
helping,1108
ms,1108
online,1107
dynamic,1105
experiences,1104
distributed,1104
commercial,1097
cross-functional,1093
hands-on,1091
member,1089
questions,1088
enable,1087
assigned,1085
compliance,1083
supporting,1080
mining,1079
interpersonal,1075
expression,1073
diversity,1071
initiatives,1071
potential,1060
datasets,1059
investment,1056
different,1056
insurance,1056
presentations,1052
detail,1051
consulting,1049
define,1046
generation,1043
excel,1034
analyzing,1027
being,1022
discipline,1021
applying,1020
limited,1018
citizenship,1013
consideration,1013
academic,1011
agency,1011
presentation,1010
patients,1008
levels,1004
spark,1003
director,1002
enterprise,990
attention,990
computing,985
analysts,983
government,983
evaluate,974
methodologies,973
driven,969
directly,965
finance,962
oral,960
integration,958
metrics,953
organizations,952
environmental,952
works,952
consumer,948
ideal,948
york,947
approach,938
experienced,938
thinking,937
exciting,937
materials,936
aerospace,936
analytic,928
report,927
collection,924
experimental,923
trends,920
desired,914
features,912
patient,912
interact,908
portfolio,905
requirements:,904
driving,904
comfortable,896
findings,892
you'll,891
scalable,891
assays,890
experts,890
leaders,888
addition,887
disease,886
groups,881
professionals,879
policies,879
aws,876
protocols,875
motivated,875
states,875
includes,874
source,872
full-time,867
personal,867
chemistry,866
talented,866
quickly,864
hadoop,863
ways,858
leverage,855
evaluation,854
communications,849
standard,847
implementing,846
manner,846
monitoring,840
excellence,840
performing,840
agile,839
ml,838
recruiting,837
validation,835
accommodation,833
maintaining,831
sas,829
biological,826
data-driven,822
firm,822
objectives,821
hardware,818
considered,814
advertising,814
comprehensive,807
clearance,806
assistance,804
solid,803
prior,802
improvement,792
hiring,789
millions,789
regular,787
maintenance,781
offers,781
actionable,779
lives,778
significant,778
researchers,771
developers,771
largest,770
guidance,770
united,769
diseases,768
mobile,767
proud,764
leads,763
workplace,762
expected,761
generate,761
automation,760
francisco,758
